/* ------------------------------------------------------------------------ */
/*  Base de datos para el sistema de Monitore Remoto para pacientes COVID   */
/*  Autor: Iliac Huerta Trujillo			      		    */
/*  Creado : 10-Sep-2020 04:15:34 p.m. 				    	    */
/*  DBMS   : MySql 							    */
/* ------------------------------------------------------------------------ */

/*--Borrar tablas*/
TRUNCATE TABLE RM_MENU_OPCION;
TRUNCATE TABLE RM_ROL_MENU;
TRUNCATE TABLE RM_USUARIO_ROL;
TRUNCATE TABLE RM_BITACORA;
TRUNCATE TABLE RM_HOSPITAL_MEDICO;
TRUNCATE TABLE RM_MEDIDAS;
TRUNCATE TABLE RM_VALORES_REFERENCIA;
DELETE FROM RM_MEDICO;
DELETE FROM RM_USUARIO;
DELETE FROM RM_PERSONA;
DELETE FROM RM_GENERO;

DELETE FROM RM_OPCION;
DELETE FROM RM_MENU;
DELETE FROM RM_ROL;

/*--- Definiciones de Roles*/
INSERT INTO RM_ROL (ID_ROL, DESCRIPCION) VALUES (1,'ADMINISTRADOR');
INSERT INTO RM_ROL (ID_ROL, DESCRIPCION) VALUES (2,'APOYO');
INSERT INTO RM_ROL (ID_ROL, DESCRIPCION) VALUES (3,'MEDICO');
INSERT INTO RM_ROL (ID_ROL, DESCRIPCION) VALUES (4,'PACIENTE');
INSERT INTO RM_ROL (ID_ROL, DESCRIPCION) VALUES (5,'ADMON_HOSPITAL');

/* -- Definición de estado de paciente-- */
INSERT INTO RM_ESTADOPACIENTE (ID_ESTADOPACIENTE, DESCRIPCION) VALUES(1, 'Estable');
INSERT INTO RM_ESTADOPACIENTE (ID_ESTADOPACIENTE, DESCRIPCION) VALUES(2, 'Grave');
INSERT INTO RM_ESTADOPACIENTE (ID_ESTADOPACIENTE, DESCRIPCION) VALUES(3, 'Alta');
INSERT INTO RM_ESTADOPACIENTE (ID_ESTADOPACIENTE, DESCRIPCION) VALUES(4, 'Deceso');
INSERT INTO RM_ESTADOPACIENTE (ID_ESTADOPACIENTE, DESCRIPCION) VALUES(5, '404');

/*---- Definiciones de menus*/
INSERT INTO RM_MENU (ID_MENU, DESCRIPCION, RUTA_ICONO, POSICION) VALUES (1,'General','fa fa-cog',999);
INSERT INTO RM_MENU (ID_MENU, DESCRIPCION, RUTA_ICONO, POSICION) VALUES (2,'Administrador','fas fa-user-ninja',1);
INSERT INTO RM_MENU (ID_MENU, DESCRIPCION, RUTA_ICONO, POSICION) VALUES (3,'Médico','fas fa-user-md',2);
INSERT INTO RM_MENU (ID_MENU, DESCRIPCION, RUTA_ICONO, POSICION) VALUES (4,'Paciente','fas fa-bed',2);

/*-- Definición de Opciones*/
Insert into RM_OPCION (ID_OPCION, DESCRIPCION, RUTA_ICONO, ACCION) Values (1, 'Salir', 'ui-icon-close', '#{sesionMB.cerrarSesion}');
Insert into RM_OPCION (ID_OPCION, DESCRIPCION, RUTA_ICONO, ACCION) Values (2, 'Gestión usuarios', 'fas fa-id-card', '/faces/facelets/admon/gestionUsuarios.xhtml');
Insert into RM_OPCION (ID_OPCION, DESCRIPCION, RUTA_ICONO, ACCION) Values (3, 'Gestión Hospital', 'fas fa-hospital', '/faces/facelets/admon/gestionHospital.xhtml');
Insert into RM_OPCION (ID_OPCION, DESCRIPCION, RUTA_ICONO, ACCION) Values (4, 'Pacientes', 'fas fa-procedures', '/faces/facelets/medico/listaPacientesMedico.xhtml');
Insert into RM_OPCION (ID_OPCION, DESCRIPCION, RUTA_ICONO, ACCION) Values (5, 'Lista Medicos', 'fas fa-user-md', '/faces/facelets/admon/listaMedicos.xhtml');
Insert into RM_OPCION (ID_OPCION, DESCRIPCION, RUTA_ICONO, ACCION) Values (6, 'Mis Datos', 'fas fa-clipboard', '/faces/facelets/paciente/datosPaciente.xhtml');
Insert into RM_OPCION (ID_OPCION, DESCRIPCION, RUTA_ICONO, ACCION) Values (7, 'Valores de Referencia', 'pi pi-sliders-h', '/faces/facelets/admon/valoresReferencia.xhtml');
Insert into RM_OPCION (ID_OPCION, DESCRIPCION, RUTA_ICONO, ACCION) Values (8, 'Gestion Dispositivos', 'fa fa-hdd-o', '/faces/facelets/admon/gestionDispositivos.xhtml');

/*--Asociación de Rol con Menu*/
INSERT INTO RM_ROL_MENU (ID_MENU, ID_ROL) VALUES (1,1); /*--Todos los roles tienen el menú general*/
INSERT INTO RM_ROL_MENU (ID_MENU, ID_ROL) VALUES (2,1);
INSERT INTO RM_ROL_MENU (ID_MENU, ID_ROL) VALUES (1,2);
INSERT INTO RM_ROL_MENU (ID_MENU, ID_ROL) VALUES (1,3);
INSERT INTO RM_ROL_MENU (ID_MENU, ID_ROL) VALUES (1,4);
INSERT INTO RM_ROL_MENU (ID_MENU, ID_ROL) VALUES (1,5);
INSERT INTO RM_ROL_MENU (ID_MENU, ID_ROL) VALUES (3,3);
INSERT INTO RM_ROL_MENU (ID_MENU, ID_ROL) VALUES (4,4);

/*Definición de opciones para cada menú*/
INSERT INTO RM_MENU_OPCION (ID_MENU_OPCION,ID_MENU,ID_OPCION,ID_SUB_MENU,POSICION) VALUES (1,1,1,null,999);
INSERT INTO RM_MENU_OPCION (ID_MENU_OPCION,ID_MENU,ID_OPCION,ID_SUB_MENU,POSICION) VALUES (2,2,2,null,2);
INSERT INTO RM_MENU_OPCION (ID_MENU_OPCION,ID_MENU,ID_OPCION,ID_SUB_MENU,POSICION) VALUES (3,2,3,null,1);
INSERT INTO RM_MENU_OPCION (ID_MENU_OPCION,ID_MENU,ID_OPCION,ID_SUB_MENU,POSICION) VALUES (4,3,4,null,1);
INSERT INTO RM_MENU_OPCION (ID_MENU_OPCION,ID_MENU,ID_OPCION,ID_SUB_MENU,POSICION) VALUES (5,2,5,null,3);
INSERT INTO RM_MENU_OPCION (ID_MENU_OPCION,ID_MENU,ID_OPCION,ID_SUB_MENU,POSICION) VALUES (6,4,6,null,3);
INSERT INTO RM_MENU_OPCION (ID_MENU_OPCION,ID_MENU,ID_OPCION,ID_SUB_MENU,POSICION) VALUES (7,2,7,null,4);
INSERT INTO RM_MENU_OPCION (ID_MENU_OPCION,ID_MENU,ID_OPCION,ID_SUB_MENU,POSICION) VALUES (8,2,8,null,5);

/*--- Definición catálogo de géneros*/
INSERT INTO RM_GENERO (ID_GENERO,DESCRIPCION) VALUES(1,'FEMENINO');
INSERT INTO RM_GENERO (ID_GENERO,DESCRIPCION) VALUES(2,'MASCULINO');
INSERT INTO RM_GENERO (ID_GENERO,DESCRIPCION) VALUES(3,'N/E');


/*-- Persona inicial*/
INSERT INTO RM_PERSONA (ID_PERSONA,ID_GENERO,NOMBRE,PRIMER_APELLIDO,SEGUNDO_APELLIDO,CURP,EDAD) VALUES (1,3,'JHON','DOE','DOE','JDD80202020',21);
INSERT INTO RM_PERSONA (ID_PERSONA,ID_GENERO,NOMBRE,PRIMER_APELLIDO,SEGUNDO_APELLIDO,CURP,EDAD) VALUES (2,2,'ILIAC','HUERTA','TRUJILLO','HUTI070707',30);


/*-- Usuario */
INSERT INTO RM_USUARIO (ID_USUARIO,CONTRASENIA,ACTIVO,ID_PERSONA) VALUES ('johndoe','johndoe',TRUE,1);
INSERT INTO RM_USUARIO (ID_USUARIO,CONTRASENIA,ACTIVO,ID_PERSONA) VALUES ('ihuerta','ihuerta123',TRUE,2);


/*---usuario rol*/

INSERT INTO RM_USUARIO_ROL (ID_USUARIO,ID_ROL) VALUES ('johndoe',1);
INSERT INTO RM_USUARIO_ROL (ID_USUARIO,ID_ROL) VALUES ('ihuerta',1);
INSERT INTO RM_USUARIO_ROL (ID_USUARIO,ID_ROL) VALUES ('ihuerta',2);
INSERT INTO RM_USUARIO_ROL (ID_USUARIO,ID_ROL) VALUES ('ihuerta',5);

#Valores de referencia
INSERT INTO RM_VALORES_REFERENCIA (SAT_OXIGENO_NORMAL_MIN,SAT_OXIGENO_NORMAL_MAX,SAT_OXIGENO_WARNING_MIN,SAT_OXIGENO_WARNING_MAX,SAT_OXIGENO_ALERT_MIN,SAT_OXIGENO_ALERT_MAX,
								   TEMPERATURA_NORMAL_MIN,TEMPERATURA_NORMAL_MAX,TEMPERATURA_WARNING_MIN,TEMPERATURA_WARNING_MAX,TEMPERATURA_ALERT_MIN,TEMPERATURA_ALERT_MAX,
                                   CAPNOGRAFIA_NORMAL_MIN,CAPNOGRAFIA_NORMAL_MAX,CAPNOGRAFIA_WARNING_MIN,CAPNOGRAFIA_WARNING_MAX,CAPNOGRAFIA_ALERT_MIN,CAPNOGRAFIA_ALERT_MAX,
                                   FREC_CARDIACA_NORMAL_MIN,FREC_CARDIACA_NORMAL_MAX,FREC_CARDIACA_WARNING_MIN,FREC_CARDIACA_WARNING_MAX,FREC_CARDIACA_ALERT_MIN,FREC_CARDIACA_ALERT_MAX,
                                   FREC_RESPIRATORIA_NORMAL_MIN,FREC_RESPIRATORIA_NORMAL_MAX,FREC_RESPIRATORIA_WARNING_MIN,FREC_RESPIRATORIA_WARNING_MAX,FREC_RESPIRATORIA_ALERT_MIN,FREC_RESPIRATORIA_ALERT_MAX,
                                   ID_VALREF,
                                   PRE_ART_SISTOLICA_NORMAL_MIN,PRE_ART_SISTOLICA_NORMAL_MAX,PRE_ART_SISTOLICA_WARNING_MIN,PRE_ART_SISTOLICA_WARNING_MAX,PRE_ART_SISTOLICA_ALERT_MIN,PRE_ART_SISTOLICA_ALERT_MAX,
                                   PRE_ART_DIASTOLICA_NORMAL_MIN,PRE_ART_DIASTOLICA_NORMAL_MAX,PRE_ART_DIASTOLICA_WARNING_MIN,PRE_ART_DIASTOLICA_WARNING_MAX,PRE_ART_DIASTOLICA_ALERT_MIN,PRE_ART_DIASTOLICA_ALERT_MAX)
VALUES(92.0,100.0,81.0,92.0,0.0,81.0,
       33.0,37.0,37.0,38.0,38.0,50.0,
       35,37,40,45,50,60,
       60,80,81,99,100,130,
       16,18,19,20,21,30,
       1,
       100,120,121,139,140,190,
       60,80,81,89,90,100);

commit;